{"cameraMode":{"drawMode":0,"name":"Shaded","section":"Shading Mode"},"sceneLighting":true,"audioPlay":false,"sceneViewState":{"m_AlwaysRefresh":false,"showFog":true,"showSkybox":true,"showFlares":true,"showImageEffects":true,"showParticleSystems":true,"showVisualEffectGraphs":true,"m_FxEnabled":true},"in2DMode":false,"pivot":{"x":1.6984366178512574,"y":-0.5305616855621338,"z":4.730737209320068},"rotation":{"x":-0.35361307859420779,"y":0.0929436907172203,"z":-0.03533367067575455,"w":-0.9301036596298218},"size":6.2851386070251469,"orthographic":false}